{
    "evapotranspiration(mm)": {
        "mean": 4.452422887962168,
        "std": 2.37852040732499
    },
    "rain(mm)": {
        "mean": 2.2518279104084074,
        "std": 6.332543409839104
    },
    "maximum_temperature(\u00b0C)": {
        "mean": 24.7879723065996,
        "std": 7.8943407660313705
    },
    "minimum_temperature(\u00b0C)": {
        "mean": 13.20144498120655,
        "std": 6.975464845866427
    },
    "maximum_relative_humidity(%)": {
        "mean": 85.71916447082168,
        "std": 15.828735294106167
    },
    "minimum_relative_humidity(%)": {
        "mean": 43.653210054259056,
        "std": 18.439867117028374
    },
    "average_10m_wind_speed(m/sec)": {
        "mean": 4.070390324998611,
        "std": 1.9570406830811669
    }
}